<?xml version="1.0" encoding="utf-8"?>
<!DOCTYPE 
 article
 PUBLIC 
   "-//OASIS//DTD DocBook XML V4.5//EN"
   "http://www.oasis-open.org/docbook/xml/4.5/docbookx.dtd"
 [ 
   <!ENTITY rhs.sufx "_rhs">
   <!ENTITY lhs.sufx "_lhs">
   <!ENTITY set.union.op "&cup;">
   <!ENTITY set.intersection.op "&cap;">
   <!ENTITY set.member_of.op "&isin;">
   <!ENTITY set.member_not.op "&notin;">
   <!ENTITY bool.or.op "&or;">
   <!ENTITY bool.and.op "&and;">
   <!ENTITY set.union.id "set_union">
   <!ENTITY math.to_each.op "<emphasis>to_each</emphasis>">
   <!ENTITY math.fold.op "<emphasis>fold</emphasis>">
   <!ENTITY math.to_each.ref "<link linkend='math:to_each:op' endterm='math:to_each:endterm'/>">
   <!ENTITY math.fold.ref "<link linkend='math:fold:op' endterm='math:fold:endterm'/>">
   <!ENTITY math.type_ctor.fun "&#x2192;">
   <!ENTITY math.type_ctor.prod "&cross;">
   <!ENTITY math.has_type "&set.member_of.op;">
   <!ENTITY math.defined_as "&lt;==">
   <!ENTITY math.equal_to "==">
   
   <!ENTITY trans.step "step">
   <!ENTITY trans.put_value ":=">
   
   <!ENTITY cfg.syn.one.op "&egr;">
   <!ENTITY cfg.syn.alt.op "|">
   <!ENTITY cfg.syn.cat.op "&smile;">
   <!ENTITY cfg.syn.produces.op "&rarr;">
   <!ENTITY cfg.syn.prod_j "A_j &cfg.syn.produces.op; e_j">
   
   <!ENTITY rules.cat.axiom "Axiom Rules">
   <!ENTITY rules.cat.composition "Composition Rules">
   <!ENTITY rules.cat.production "Production Rule">
 ]
>
<!--above DOCTYPE, except with book/article and [...], copied from:

http://www.oasis-open.org/docbook/xml/4.5/docbookx.dtd

on 2008-06-29.1333 CST.

-->
<article><title>Abstract of how to write an LL1 parser</title>

  <para>This article is a summary of [<xref
  linkend="cit:lewi79"/>,pp.165-175] which presents a schema for
  translating a grammar to a program for accepting the language
  described by the grammar.
  </para>

  <section><title>Math Notation</title>
    <orderedlist>
      <listitem id='math:container:form:ops'>container forming operators:
      <orderedlist>
      <listitem>Set forming operators: <code>{</code> and
              <code>}</code>.
        <para>For example:
<programlisting>          
  {1,2,3} is a set of integers.
</programlisting>          
<programlisting>          
  {a,b,c} is a set of characters.
</programlisting>          
        </para>
      </listitem><!--set formers-->
      <listitem>Sequence forming operators: <code>[</code> and
              <code>]</code>.
        <para>For example:
<programlisting>          
  [1,2,3] is a sequence of integers.
</programlisting>          
<programlisting>          
  [a,b,c] is a sequence of characters.
</programlisting>          
        </para>
      </listitem><!--set formers-->
      </orderedlist>
      </listitem><!--container formers-->
      <listitem 
      >Type Constructors:
      <para
        id='math:type_ctor:all' 
        xreflabel='Type Constructors'
      >
      <!--MaintenanceNote: 2008-07-11.0920
        Tried putting these attributes in the <listitem ....>;
        however, the html label was not generated; hence,
        the <xref linkend='math:type_ctor:all'/> didn't
        link to anywhere. So, just moved them to this para
        and that worked.  Must be bug in the xslt processor.
      -->
      These are operators on types which produce other types:
      </para>
      <orderedlist>
      <listitem 
        id='math:type_ctor:prod' 
        xreflabel='Product type constructor'
      >Cartesion Product: <code>S &math.type_ctor.prod; T</code>
        <para>The type:
<programlisting>
S&math.type_ctor.prod;T
</programlisting>
        is the type of pairs where the 1st component of each pair has type
          <type>S</type>,
        and the 2nd component of each pair has type
          <type>T</type>.
        </para>
      </listitem>
      <listitem 
        id='math:type_ctor:fun' 
        xreflabel='Function type constructor'
      >Function type constructor: <code>S &math.type_ctor.fun; T</code>
        <para>The type:
<programlisting>
S&math.type_ctor.fun;T
</programlisting>
        is the type of functions from type <type>S</type> to type <type>T</type>.
        </para>
      </listitem>
      <listitem>Set: set_of&lt;T&gt;
        <para>The type:
<programlisting>
set_of&lt;T&gt;
</programlisting>
        is the type of sets of type <code>T</code>.
        For example:
<programlisting>
{1,2,3} &set.member_of.op; set_of&lt;int&gt;
</programlisting>
        </para>
      </listitem>
      </orderedlist>
      </listitem><!--Type Contructors-->
      <listitem
      >Defined_as operator:&math.defined_as;
        <para>To define the value of a function, the notation,
    <emphasis>&math.defined_as;</emphasis>, is used.  For example:
<programlisting>
  iabs(x &math.has_type; int) &math.has_type; int &math.defined_as; 
    <token>if</token>(x>=0)
       x;
    <token>else</token>
       -x;
    <token>endif</token>
</programlisting>
        which defines function iabs as having type <type>int
    &math.type_ctor.fun; int</type> and as mapping it's argument to
    it's absolute value.
        </para>
        <para>The reason &math.defined_as; was used was to suggest the
    "flow of information" going from the right-hand-side of the
    definition to the left-hand-side. This suggestion is useful 
    <link linkend='info_flow_cycle'>later on</link>. 
        </para>
      </listitem>
      <listitem id='math:to_each:op'>To_Each operator: <emphasis id='math:to_each:endterm'>&math.to_each.op;</emphasis>
      <para>This is a binary infix operator where:
        <orderedlist>
        
          <listitem>The left argument, <parameter>f</parameter>,
           is a unary function of type <type>S &math.type_ctor.fun; T</type>,
          for some types, <type>S</type> and <type>T</type>.
          </listitem>
          
          <listitem>The right argument is some <link
    linkend='math:container:form:ops'>container</link>, <parameter>c</parameter>, of elements of
    type <type>S</type>.
          </listitem>
          
          <listitem>The result is a container like the right
              argument(but containing elements of type <type>T</type>)
              where each element, <parameter>e</parameter>, is replaced by application of the
              left argument to that element, <code>f(e)</code>.
          </listitem>
          
        </orderedlist>
      </para>
      <para>
      For example, assuming:
<programlisting>
  f(x &math.has_type; int) &math.has_type; float &math.defined_as; iabs(x)
</programlisting>
       
In other words, assuming <code>f : int &math.type_ctor.fun; float</code>, which returns the
absolute value of its argument converted to a float value, then:

<programlisting>
  f &math.to_each.op; [1,2,-2] &math.equal_to; [1,2,2]
  f &math.to_each.op; {1,2,-2} &math.equal_to; {1,2}
</programlisting>      
      </para>
      </listitem><!--To_Each-->
      <listitem id='math:fold:op'>Fold operator: <emphasis id='math:fold:endterm'>&math.fold.op;</emphasis>
      <para>This is a binary infix operator where:
        <orderedlist>
          <listitem>The left argument, <parameter>f</parameter>, 
          is a binary function of type <type>S &math.type_ctor.prod;
  S &math.type_ctor.fun; S</type>, for some type <type>S</type>,
  and which, with <type>S</type>, forms a <ulink
  url='http://planetmath.org/encyclopedia/Monoid.html'>monoid</ulink>,
  <type>MONOID(S,f)</type>,with  <code>identity</code> element, <code>e</code>.
          </listitem>
          
          <listitem>The right argument is some <link
    linkend='math:container:form:ops'>container</link>, <parameter>c</parameter>, of elements of
    type <type>S</type>.
          </listitem>
          
          <listitem>The result is a element of type <type>S</type>,
  formed by applying f between each element of <type>S</type> in the
  container, <parameter>c</parameter>.  If <parameter>c</parameter> is
  empty, the result is the monoid's <code>identity</code> element, <code>e</code>.
          </listitem>
        </orderedlist>
      </para>
      <para>For example:
<programlisting>
   + &math.fold.op; {1,2,3} 
&math.equal_to; 1 + 2 + 3
&math.equal_to; 6
   + &math.fold.op; {} 
&math.equal_to; 0 #since <code>identity</code> element for <code>MONOID(int,+)</code> is 0.
</programlisting>
      </para>
      </listitem><!--Fold-->
      
    </orderedlist>
  </section><!--Math Shorthand-->
  <section><title>Context-Free Grammar (CFG)</title>
    <para>This section is mostly a copy of section 8.2 (pages 123-124) of
       <xref linkend="cit:lewi79"/>.
    </para>
    <section><title>CFG Tuple</title>
    <para>An CFG syntax is a 4-tuple:
<programlisting>
<emphasis id='cfg:tuple:G' xreflabel='G'>G</emphasis> = (VT,VN,A_0,P), where
</programlisting>
      <orderedlist>
        <listitem id='cfg:tuple:VT' xreflabel='VT'> VT is a finite set of <emphasis>terminal
        symbols</emphasis>:
<programlisting>
VT = {a_1,a_2, ... ,a_n}
</programlisting>
        </listitem>
        <listitem id='cfg:tuple:VN' xreflabel='VN'> VN is a finite set of <emphasis>nonterminal
        symbols</emphasis>:
<programlisting>
VN = {A_0,A_1,A_2, ... ,A_m}
  , where VT &set.intersection.op; VN &math.equal_to; {}
</programlisting>
        </listitem>
        <listitem id="cfg:tuple:Start" xreflabel="start_symbol">A_0 is the <emphasis>start_symbol</emphasis> of G.
        </listitem>
        <listitem id="cfg:tuple:prod_set" xreflabel="P">
    <emphasis>P</emphasis>, also called <xref linkend="cfg:tuple:G"/>'s
    <emphasis>productions</emphasis>, 
    is a function from <xref linkend="cfg:tuple:VN"/>
    to <xref linkend="cfg:syn:rhs"/>.  This function is expressed as a
    finite set of <xref linkend="cfg:syn:prod"/>'s. 
        </listitem>
      </orderedlist>
    </para>
    </section><!--CFG Tuple-->
    <section id="cfg:syn:all"><title>CFG Syntax</title>
    <section id='cfg:syn:rhs' xreflabel='CFG_expression'><title>CFG expression</title>
    <section><title id="gram:axiom">&rules.cat.axiom;</title>
      <orderedlist>
        <listitem>
<programlisting>
A_j is a CFG expression
  , where A_j &set.member_of.op; <xref linkend="cfg:tuple:VN"/>.
</programlisting>
        </listitem>
        <listitem>
<programlisting>
a_i is a CFG expression
  , where a_i &set.member_of.op; <xref linkend="cfg:tuple:VT"/>.
</programlisting>
        </listitem>
        <listitem>
<programlisting>
&cfg.syn.one.op; is a CFG expression
</programlisting>
        This represents the empty string.
        </listitem>
      </orderedlist>
    </section><!-- &rules.cat.axiom; -->
    <section><title id="gram:comp">&rules.cat.composition;</title>
      <para>Assuming that e_1,e_2, ... ,e_n are CFG expresssions, then:
      </para>
      <orderedlist>
        <listitem id='cfg:expr:alt'>'alternation' operator:&cfg.syn.alt.op; 
<programlisting>
<code>e_1&cfg.syn.alt.op;e_2&cfg.syn.alt.op; ... &cfg.syn.alt.op;e_n</code> is a CFG expression, n>1.
</programlisting>

          <para>In words, &cfg.syn.alt.op; is a binary function from 2
          <xref linkend='cfg:syn:rhs'/>'s to another 
          <xref linkend='cfg:syn:rhs'/>. 
          </para>
          <para>
          Alternately, using the 
          <xref linkend='math:type_ctor:all'/> notation, this can be
          expressed as:
<programlisting>
&cfg.syn.alt.op; &math.has_type; <xref linkend='cfg:syn:rhs'/> &math.type_ctor.prod;  <xref linkend='cfg:syn:rhs'/> &math.type_ctor.fun; <xref  linkend='cfg:syn:rhs'/> </programlisting>
  
          </para>

        </listitem>
        <listitem>'concatenation' operator:&cfg.syn.cat.op; 
<programlisting>
<code>e_1&cfg.syn.cat.op;e_2&cfg.syn.cat.op; ... &cfg.syn.cat.op;e_n</code> is a CFG expression, n>1.
</programlisting>

          <para>In words, &cfg.syn.cat.op; is a binary function from 2
          <xref linkend='cfg:syn:rhs'/>'s to another 
          <xref linkend='cfg:syn:rhs'/>. 
          </para>
          <para>
          Alternately, using the 
          <xref linkend='math:type_ctor:all'/> notation, this can be
          expressed as:
<programlisting>
&cfg.syn.cat.op; &math.has_type; <xref linkend='cfg:syn:rhs'/> &math.type_ctor.prod;  <xref linkend='cfg:syn:rhs'/> &math.type_ctor.fun; <xref  linkend='cfg:syn:rhs'/> </programlisting>
  
          </para>

        </listitem>
      </orderedlist>
    </section><!-- &rules.cat.composition; -->
    </section><!-- CFG expression -->
    <section id="cfg:syn:prod" xreflabel="CFG production"><title>CFG production</title>
        Each production in <xref linkend="cfg:tuple:prod_set"/> is of the form:
<programlisting id="prod_form" xreflabel="production">
&cfg.syn.prod_j;
</programlisting>
        where:
        <orderedlist>
          <listitem>
            A_j &set.member_of.op; <xref linkend="cfg:tuple:VN"/> and e_j is an
            <xref linkend="cfg:syn:rhs"/>.
          </listitem>
          <listitem>
            Each element of <xref linkend="cfg:tuple:VN"/> occurs on the
            left-hand-side of only one production in <xref linkend="cfg:tuple:prod_set"/>.
          </listitem>
        </orderedlist>
        
        Also, the parts of a production, <code>&cfg.syn.prod_j;</code>, are named as follows:
        <orderedlist>
          <listitem id="prod:lhs" xreflabel="left-hand-side">
            A_j is the <emphasis>left-hand-side</emphasis>
            or <emphasis>lhs</emphasis> of the production. 
          </listitem>
          <listitem id="prod:rhs" xreflabel="right-hand-side">
            e_j is the <emphasis>right-hand-side</emphasis>
            or <emphasis>rhs</emphasis> of the production.
          </listitem>
        </orderedlist>
        
    </section><!--CFG produciton-->
  </section><!--CFG Syntax -->
  </section><!--Context-Free Grammar (CFG) -->

  <section><title>Translation to LL1 code</title>

    <para>The translation of a grammar to code is done in two
    &trans.step;s.  The first &trans.step; calculates the <xref
    linkend='attr.names'/> of the grammar, and the second step uses
    these lookahead attributes to generate the code.  </para>
    
  <section><title>Lookahead calculation</title>

    <para id="attr.names" xreflabel="lookahead attributes">
    This &trans.step; declares a set of equations whose solution
    define the <xref linkend="attr.names"/>:
      <orderedlist>
      <listitem>NULLABLE</listitem>
      <listitem>FIRST</listitem>
      <listitem>FOLLOW</listitem>
      </orderedlist>
    of parts of <xref linkend="cfg:tuple:prod_set"/>.
    </para>
    <para id="attrs:funpair" xreflabel="attribute function pair">
    Assume ATTR is one of <xref linkend="attr.names"/>. Then the ATTR equations are written in terms of
    a pair of mutually recursive functions:
    <orderedlist>
      <listitem>ATTR&rhs.sufx;: defines the ATTR for subexpressions
    of a <xref linkend="prod:rhs"/>.
      </listitem>
      <listitem>ATTR&lhs.sufx;: defines the ATTR for a <xref linkend="prod:lhs"/>.
      </listitem>
    </orderedlist>
    </para>
    <para>
    The goal of the ATTR step is finding ATTR&lhs.sufx; which
    solves the ATTR equations.  Since the equations are mutually
    recursive, one method of solution is to:
      <orderedlist>
        <listitem>Start with an initial approximation to the
          ATTR&lhs.sufx; solution.
        </listitem>
        <listitem id="lhs.subs.rhs">Substitute the current ATTR&lhs.sufx; into
          ATTR&rhs.sufx; according to &rules.cat.axiom;.1.
        </listitem>
        <listitem id="lhs.eval.rhs">Evaluate the result of 
          <xref linkend="lhs.subs.rhs"/>
          to get an improved ATTR&lhs.sufx;.
        </listitem>
        <listitem>Repeat steps 
          <xref linkend="lhs.subs.rhs"/>-<xref linkend="lhs.eval.rhs"/>
          until the ATTR&lhs.sufx; approximation doesn't change.
        </listitem>
       </orderedlist>
    Each of the ATTR steps below suggests an initial approximation to
    ATTR&lhs.sufx;. 
    </para>
    
    <para>The last &trans.step; actually produces the code to parse
    the language described by <xref linkend="cfg:tuple:prod_set"/>.
    </para>

    <para> In each &trans.step;, the translation is specified in a heirarchy of
    sections and numbered items reflecting the sections and numbered
    items of <xref linkend="cfg:syn:all"/>.  The <code>FOLLOW</code>
    &trans.step; is slightly different in the
    <emphasis>&rules.cat.axiom;</emphasis> because the <code>FOLLOW</code>
    attribute of a <xref linkend="cfg:syn:rhs"/> is defined in terms
    of the <emphasis>context</emphasis> of that expression.  </para>

  <section><title>NULLABLE equations</title>
    <para>This section is mostly a copy of the rules
       in [<xref linkend="cit:lewi79"/>,p167].  However, instead of
       EMPTY, the lookahead attribute is called NULLABLE since that's
       the more widely accepted name for this attribute.
    </para>
    <orderedlist>
      <listitem id="NULLABLE:type" xreflabel="NULLABLE_type">
        <xref linkend="NULLABLE:type"/> is {true,false}.
      </listitem>
      <listitem>
        NULLABLE&rhs.sufx; is a function of type 
        <type> <xref linkend="cfg:syn:rhs"/> &math.type_ctor.fun; <xref linkend="NULLABLE:type"/>
        </type>.
      </listitem>
      <listitem>
        <para>
        NULLABLE&lhs.sufx; is a function of type
        <type><xref linkend="cfg:tuple:VN"/> &math.type_ctor.fun; <xref linkend="NULLABLE:type"/>
        </type>.
        </para>
        <para>
        The initial approximation to the NULLABLE&lhs.sufx; solution
        is:
<programlisting>
NULLABLE&lhs.sufx;(A_j) &trans.put_value; false, where A_j &set.member_of.op; <xref linkend="cfg:tuple:VN"/>.
</programlisting>
        </para>
      </listitem>
    </orderedlist>
    
    <para>NULLABLE&rhs.sufx; and NULLABLE&lhs.sufx; satisfy the following rules:
    </para>
    
    <section><title>CFG Expression Rules</title>
    <section><title>&rules.cat.axiom;</title>
      <orderedlist>
        <listitem>
<programlisting>
    NULLABLE&rhs.sufx;(A_j) &math.defined_as; NULLABLE&lhs.sufx;(A_j)
      , where A_j &set.member_of.op; <xref linkend='cfg:tuple:VN'/>
</programlisting>
        </listitem>
        <listitem id='rules:NULLABLE:vt'>
<programlisting>
    NULLABLE&rhs.sufx;(a_i) &math.defined_as; <emphasis>false</emphasis>, where a_i &set.member_of.op; <emphasis>VT</emphasis>
      , where a_i &set.member_of.op; <xref linkend='cfg:tuple:VT'/>
</programlisting>
        </listitem>
        <listitem>
<programlisting>
    NULLABLE&rhs.sufx;(&cfg.syn.one.op;) &math.defined_as; <emphasis>true</emphasis>
</programlisting>
        </listitem>
      </orderedlist>
    </section><!--&rules.cat.axiom;-->
    <section><title>&rules.cat.composition;</title>
      <orderedlist>
        <listitem>
<programlisting>
    NULLABLE&rhs.sufx;(e_1&cfg.syn.alt.op;e_2&cfg.syn.alt.op; ... &cfg.syn.alt.op;e_n)
      &math.defined_as; NULLABLE&rhs.sufx;(e_1)
       &bool.or.op; NULLABLE&rhs.sufx;(e_2)
         ... 
       &bool.or.op; NULLABLE&rhs.sufx;(e_n)
</programlisting>
          <para> In other words, if any of {e_1, ... ,e_n} are NULLABLE,
          then the whole expression is NULLABLE.
          </para>
          <para>More briefly:
<programlisting>
    NULLABLE&rhs.sufx;(&cfg.syn.alt.op; &math.fold.ref; [e_1, e_2,  ... , e_n])
      &math.defined_as; &bool.or.op; &math.fold.ref; (NULLABLE&rhs.sufx; &math.to_each.ref; [e_1, e_2,  ... , e_n])
</programlisting>
          </para>
        </listitem>
        <listitem>
<programlisting>
    NULLABLE&rhs.sufx;(e_1&cfg.syn.cat.op;e_2&cfg.syn.cat.op; ... &cfg.syn.cat.op;e_n)
      &math.defined_as; NULLABLE&rhs.sufx;(e_1)
       &bool.and.op; NULLABLE&rhs.sufx;(e_2)
         ... 
       &bool.and.op; NULLABLE&rhs.sufx;(e_n)
</programlisting>
          <para> In other words, if all of {e_1, ... ,e_n} are NULLABLE,
          then the whole expression is NULLABLE.
          </para>
          <para>More briefly:
<programlisting>
    NULLABLE&rhs.sufx;(&cfg.syn.cat.op; &math.fold.ref; [e_1, e_2,  ... , e_n])
      &math.defined_as; &bool.and.op; &math.fold.ref; (NULLABLE&rhs.sufx; &math.to_each.ref; [e_1, e_2,  ... , e_n])
</programlisting>
          </para>
        </listitem>
      </orderedlist>
    </section><!--&rules.cat.composition;-->
    </section><!-- CFG expression -->
    <section><title>&rules.cat.production;</title>
      <itemizedlist>
        <listitem>
<programlisting>
NULLABLE&lhs.sufx;(A_j) &math.defined_as; NULLABLE&rhs.sufx;(e_j)
  , where <emphasis>&cfg.syn.prod_j;</emphasis> &set.member_of.op; <xref linkend="cfg:tuple:prod_set"/>.    
</programlisting>
         </listitem>
      </itemizedlist>
    </section><!--CFG Production-->
  </section><!-- NULLABLE equations -->

  <section><title>FIRST equations</title>
    <para>This section is mostly a copy of the rules
       in [<xref linkend="cit:lewi79"/>,p165-166].
    </para>
    
    <orderedlist>
      <listitem id='FIRST:type' xreflabel='FIRST_type'>
        <xref linkend="FIRST:type"/> is <emphasis>set_of&lt;<xref linkend="cfg:tuple:VT"/>&gt;</emphasis>.
      </listitem>
      <listitem>
        FIRST&rhs.sufx; is a function of type
        <type> <xref linkend="cfg:syn:rhs"/> &math.type_ctor.fun; <xref linkend="FIRST:type"/>
        </type>.
      </listitem>
      <listitem>
        <para>
        FIRST&lhs.sufx; is a function of type
        <type> <xref linkend="cfg:tuple:VN"/> &math.type_ctor.fun;
      <xref linkend="FIRST:type"/>
        </type>.
        </para>
        <para>
        The initial approximation to the FIRST&lhs.sufx; solution
        is:
<programlisting>
FIRST&lhs.sufx;(A_j) &trans.put_value; {}, where A_j &set.member_of.op; <xref linkend="cfg:tuple:VN"/>.
</programlisting>
        </para>
      </listitem>
    </orderedlist>
    
    <para>FIRST&rhs.sufx; and FIRST&lhs.sufx; satisfy the following rules:
    </para>
    
    <section><title>CFG Expression Rules</title>
    <section><title>&rules.cat.axiom;</title>
      <orderedlist>
        <listitem>
<programlisting>
FIRST&rhs.sufx;(A_j) &math.defined_as; FIRST&lhs.sufx;(A_j)
  , where A_j &set.member_of.op; <xref linkend="cfg:tuple:VN"/>.
</programlisting>
        </listitem>
        <listitem id='rules:FIRST:vt'>
<programlisting>
FIRST&rhs.sufx;(a_i) &math.defined_as; {a_i}
  , where a_i &set.member_of.op; <xref linkend="cfg:tuple:VT"/>.
</programlisting>
        </listitem>
        <listitem>
<programlisting>
FIRST&rhs.sufx;(&cfg.syn.one.op;) &math.defined_as; {}
</programlisting>
        <para>i.e. the empty set of VT
        </para>
        </listitem>
      </orderedlist>
    </section><!--&rules.cat.axiom;-->
    <section><title>&rules.cat.composition;</title>
      <orderedlist>
        <listitem>
<programlisting>
    FIRST&rhs.sufx;(e_1&cfg.syn.alt.op;e_2&cfg.syn.alt.op; ... &cfg.syn.alt.op;e_n) 
      &math.defined_as; FIRST&rhs.sufx;(e_1)
       &set.union.op; FIRST&rhs.sufx;(e_2)
       ...
       &set.union.op; FIRST&rhs.sufx;(e_n)
</programlisting>
          <para>More briefly:
<programlisting>
    FIRST&rhs.sufx;(&cfg.syn.alt.op; &math.fold.ref; [e_1, e_2,  ... , e_n])
      &math.defined_as; &set.union.op; &math.fold.ref; (FIRST&rhs.sufx; &math.to_each.ref; [e_1, e_2,  ... , e_n])
</programlisting>
          </para>
        </listitem>
        <listitem>
<programlisting>
    FIRST&rhs.sufx;(e_1&cfg.syn.cat.op;e_2&cfg.syn.cat.op; ... &cfg.syn.cat.op;e_n) &math.defined_as; 
      <token>if</token>(!NULLABLE&rhs.sufx;(e_1) )
        FIRST&rhs.sufx;(e_1);
      <token>else</token> 
        FIRST&rhs.sufx;(e_1) &set.union.op; FIRST&rhs.sufx;(e_2&cfg.syn.cat.op; ... &cfg.syn.cat.op;e_n);
      <token>endif</token>
</programlisting>
          <para>In other words, if the first element is not NULLABLE, 
            then the FIRST&rhs.sufx; of the composite is just the FIRST&rhs.sufx; of the
            first element; 
            otherwise, the FIRST&rhs.sufx; of the composite is the union of the
            FIRST&rhs.sufx; of the first element and the FIRST&rhs.sufx; of the tail elements.
          </para>
        </listitem>
      </orderedlist>
    </section><!--&rules.cat.composition;-->
    </section><!-- CFG expression -->
    <section><title>&rules.cat.production;</title>
      <itemizedlist>
        <listitem>
<programlisting>
FIRST&lhs.sufx;(A_j) &math.defined_as; FIRST&rhs.sufx;(e_j)
  , where <emphasis>&cfg.syn.prod_j;</emphasis> &set.member_of.op; <xref linkend="cfg:tuple:prod_set"/>.    
</programlisting>
         </listitem>
      </itemizedlist>
    </section><!--CFG Production-->
  </section><!-- FIRST equations -->

  <section><title>FOLLOW equations</title>
    <para>This section is mostly a copy of the rules
       in [<xref linkend="cit:lewi79"/>,p169].
    </para>
    
    <para>The FOLLOW definition is different in nature from the NULLABLE
    and FIRST definitions.  FOLLOW&rhs.sufx;(<emphasis>e</emphasis>) is defined by the
    <emphasis>right context</emphasis> of an <emphasis>occurrence</emphasis> of
    <emphasis>e</emphasis>. In other words, in a tree representation
    of the grammar, information flows down the tree to calculate
    FOLLOW(<emphasis>e</emphasis>) in terms of the FOLLOW of
    <emphasis>e</emphasis>'s parent. The one exception to this rule is
    in the case that <emphasis>e</emphasis> is the compete <xref
    linkend="prod:rhs"/> of some production(this case is covered by
    the FOLLOW &rules.cat.axiom;).
    </para>
    
    <orderedlist>
      <listitem id="FOLLOW:type" xreflabel="FOLLOW_type">
        <xref linkend="FOLLOW:type"/> is 
        <emphasis>set_of&lt;<xref linkend="cfg:tuple:VT"/></emphasis>
      &set.union.op; {<xref linkend="FOLLOW:eoi"/>}&gt; where:
      
        <para id="FOLLOW:eoi" xreflabel="$">
        <xref linkend="FOLLOW:eoi"/> 
        &set.member_not.op;
        <xref linkend="cfg:tuple:VT"/> 
        and is called the "end-of-input" symbol.
        </para>
        
      </listitem>
      <listitem>
        FOLLOW&rhs.sufx; is a function of type
        <type><xref linkend='FOLLOW:occurrence'/> &math.type_ctor.fun; <xref linkend="FOLLOW:type"/>
        </type>.
      </listitem>
      <listitem>
        <para>
        FOLLOW&lhs.sufx; is a function of type
        <type><xref linkend="cfg:tuple:VN"/> &math.type_ctor.fun; <xref linkend="FOLLOW:type"/>
        </type>.
        </para>
        <para>
        The initial approximation to the FOLLOW&lhs.sufx; solution
        is:
<programlisting>
FOLLOW&lhs.sufx;(A_j) &trans.put_value; {}, where A_j &set.member_of.op; <xref
      linkend="cfg:tuple:VN"/> and A_j != A_0.
      
FOLLOW&lhs.sufx;(A_0) = {<xref linkend="FOLLOW:eoi"/>}
</programlisting>
        </para>
      </listitem>
    </orderedlist>
    
    <para id='FOLLOW:occurrence' xreflabel='expression_occurrence'>A <emphasis>expression_occurrence</emphasis>
    may be thought of as an <emphasis>tree address</emphasis> of the
    <xref linkend='cfg:syn:rhs'/>'s occurrence in the tree representing the grammar.
    Although the value of the expression may be the same at two
    different addresses, the addresses are not.  For example, with:
    
    <programlisting>
      A_0 &cfg.syn.produces.op; a_1 a_1
    </programlisting>
    
    Although both a_1's have the same value (i.e. a_1) they are 
    difference <emphasis>occurrences</emphasis> of that value on the
    <xref linkend="prod:rhs"/>.
    </para>
    
    <para>FOLLOW&rhs.sufx; and FOLLOW&lhs.sufx; are defined in terms
    of the following auxillary functions:
    <orderedlist>
      <listitem id='def:deref' xreflabel='DEREF'>DEREF: <xref linkend='FOLLOW:occurrence'/> &math.type_ctor.fun; <xref linkend='cfg:syn:rhs'/>
      <para>where:</para>
<programlisting>
DEREF(e) &math.defined_as;
  #DEREF(e) "dereferences" (like the <code>c</code> prefix * operator),
  #the <xref linkend='FOLLOW:occurrence'/> e to get the corresponding
  #<xref linkend='cfg:syn:rhs'/>.
</programlisting>
      </listitem>
      
      <listitem id='def:dirsymb' xreflabel='DIRSYMB'>DIRSYMB: <xref
        linkend='FOLLOW:occurrence'/> &math.type_ctor.fun; <xref linkend='FOLLOW:type'/>
      <para>where:</para>
<programlisting>
DIRSYMB(e) &math.defined_as;
  <token>if</token>( NULLABLE&rhs.sufx;(DEREF(e)) )
    FIRST&rhs.sufx;(DEREF(e)) &set.union.op; FOLLOW&rhs.sufx;(e);
  <token>else</token> 
    FIRST&rhs.sufx;(DEREF(e));
  <token>endif</token>
</programlisting>
      </listitem>
      
      <listitem id='def:occur_vn' xreflabel='OCCUR_VN'>OCCUR_VN: <xref linkend='cfg:tuple:VN'/> &math.type_ctor.fun;
        <emphasis>set_of&lt;<xref
        linkend='FOLLOW:occurrence'/>&gt;</emphasis>
      <para>where:</para>
<programlisting>        
OCCUR_VN(A_j) &math.defined_as;
  #the set of occurrences of <parameter>A_j</parameter> on the
  #right-hand-side of any production in <xref linkend="cfg:tuple:prod_set"/>.
</programlisting>    
      </listitem>
    </orderedlist>
    </para>

    <para>FOLLOW&rhs.sufx; and FOLLOW&lhs.sufx; satisfy the following rules: 
    </para>

    <section><title>CFG Expression Rules</title>
    <section><title>&rules.cat.axiom;</title>
      <orderedlist>
        <listitem id='rules:FOLLOW:axiom' xreflabel='FOLLOW axiom rule'>
<programlisting>
FOLLOW&lhs.sufx;(A_j) &math.defined_as; &set.union.op; &math.fold.ref;(FOLLOW&rhs.sufx; &math.to_each.ref; <xref linkend='def:occur_vn'/>(A_j))
  , where where A_j &set.member_of.op; <xref linkend='cfg:tuple:VN'/>  

In addition, FOLLOW&lhs.sufx;(A_0) also contains <xref linkend="FOLLOW:eoi"/>.
</programlisting>
          In words, FOLLOW&lhs.sufx;(A_j) is the union of
          FOLLOW&rhs.sufx; applied to each occurrence of A_j on the
          right-hand-side of any production.  However, in the case of
          the <xref linkend='cfg:tuple:Start'/>, A_0, the resulting set
          also contains <xref linkend="FOLLOW:eoi"/>.
        </listitem>
      </orderedlist>
    </section><!--&rules.cat.axiom;-->
    <section><title>&rules.cat.composition;</title>

      <orderedlist>
        <listitem>(e_1&cfg.syn.alt.op;e_2&cfg.syn.alt.op; ... &cfg.syn.alt.op;e_n)
<programlisting>
    For all i, 1&lt;= i &lt;=n:
      FOLLOW&rhs.sufx;(e_i) &math.defined_as; FOLLOW&rhs.sufx;(e_1 &cfg.syn.alt.op; e_2 &cfg.syn.alt.op; ... &cfg.syn.alt.op; e_n)
</programlisting>
        </listitem><!-- (e_1&cfg.syn.alt.op;e_2&cfg.syn.alt.op; ... &cfg.syn.alt.op;e_n) -->
        
        <listitem id='rules:FOLLOW:concat:all'>e_1&cfg.syn.cat.op;e_2&cfg.syn.cat.op; ... &cfg.syn.cat.op;e_n
          <orderedlist>
            <listitem id='rules:FOLLOW:concat:non-last'
          xreflabel='FOLLOW concat non-last rule'>non-last e_i
<programlisting>
    For all i, 1&lt;= i &lt; n:
      FOLLOW&rhs.sufx;(e_i) &math.defined_as; <xref linkend='def:dirsymb'/>(e_i+1)
</programlisting>
            </listitem>
            <listitem id='rules:FOLLOW:concat:last' xreflabel='FOLLOW
          concat last rule'>e_n
<programlisting>
    FOLLOW&rhs.sufx;(e_n) &math.defined_as; FOLLOW&rhs.sufx;(e_1&cfg.syn.cat.op;e_2&cfg.syn.cat.op; ... &cfg.syn.cat.op;e_n)
</programlisting>
            </listitem>
          </orderedlist>
        </listitem><!-- e_1&cfg.syn.cat.op;e_2&cfg.syn.cat.op; ... &cfg.syn.cat.op;e_n -->
      </orderedlist>
    </section><!--&rules.cat.composition;-->
    </section><!-- CFG expression -->
    <section><title>&rules.cat.production;</title>
      <itemizedlist>
        <listitem id='rules:FOLLOW:prod' xreflabel='FOLLOW production rule'>
<programlisting>
FOLLOW&rhs.sufx;(e_j) &math.defined_as; FOLLOW&lhs.sufx;(A_j)
  , where <emphasis>&cfg.syn.prod_j;</emphasis> &set.member_of.op; <xref linkend="cfg:tuple:prod_set"/>.
</programlisting>
        </listitem>
      </itemizedlist>
        
          <para>
          For example, if <xref linkend="cfg:tuple:prod_set"/> is:          
<programlisting>
  A_0 &cfg.syn.produces.op; a_0_1 a_0_2 A_1   a_0_4 a_0_5
  A_1 &cfg.syn.produces.op; a_1_1 a_1_2 a_1_3 a_1_4 a_1_5
  A_2 &cfg.syn.produces.op; a_2_1 a_2_2 A_1   a_2_4 a_2_5
</programlisting>

          and j is 1, then there are two occurrences of A_j(i.e. A_1)
          on the right hand sides of P.  The first is the third symbol
          on the rhs of A_0, and the second is the third symbol on the
          rhs of A_2.  Thus, for the rhs of A_1:
          
<programlisting>
  FOLLOW&rhs.sufx;(a_1_1 a_1_2 a_1_3 a_1_4 a_1_5)
        #by &rules.cat.production;:
    &math.equal_to; FOLLOW&lhs.sufx;(A_1)
        #by &rules.cat.axiom;:
    &math.equal_to; FOLLOW&rhs.sufx;(A_1 in A_0) &set.union.op; FOLLOW&rhs.sufx;(A_1 in A_2)
        #by &rules.cat.composition;.<xref linkend='rules:FOLLOW:concat:all'/>(applied twice):
    &math.equal_to; DIRSYMB(a_0_4) &set.union.op; DIRSYMB(a_2_4)
        #by <xref linkend='def:dirsymb'/>
        #and NULLABLE.&rules.cat.axiom;.<xref linkend='rules:NULLABLE:vt'/>
    &math.equal_to; FiRST&rhs.sufx;(a_0_4) &set.union.op; FIRST&rhs.sufx;(a_2_4)
        #by FIRST.&rules.cat.axiom;.<xref linkend='rules:FIRST:vt'/>
    &math.equal_to; {a_0_4} &set.union.op; {a_2_4}
    &math.equal_to; {a_0_4, a_2_4}
</programlisting>
          </para>
        </section><!--&rules.cat.production;-->
  </section><!--FOLLOW equations-->
  </section><!--Lookahead calculation-->
  <section><title>COMPILE equations</title>
    <para>This section is mostly a copy of the rules
       in [<xref linkend="cit:lewi79"/>,p174-175].
    </para>
    <section><title>CFG Expression Rules</title>
    <section><title>&rules.cat.axiom;</title>
      <orderedlist>
        <listitem>
For each <emphasis>A_i</emphasis> in <xref linkend="cfg:tuple:VN"/>:
<programlisting>
    COMPILE(A_i) &math.defined_as; 
      A_i();
</programlisting>
i.e. call the parsing routine, described in <xref
linkend="compile:prod"/>,  for <emphasis>nonterminal</emphasis>,
<emphasis>A_i</emphasis>.  
        </listitem>
        <listitem>
<programlisting>
    COMPILE(&cfg.syn.one.op;) &math.defined_as; 
      { //do nothing
      }
</programlisting>
        </listitem>
        <listitem>
For each <emphasis>a_i</emphasis> in <xref linkend="cfg:tuple:VT"/>:
<programlisting>
    COMPILE(a_i) &math.defined_as; 
      {
        <token>if</token>( next_token &math.equal_to; a_i )
          next_token = read_token();
        <token>else</token> 
          error();
        <token>endif</token>
      }
</programlisting>
        </listitem>
      </orderedlist>
    </section><!--&rules.cat.axiom;-->
    <section><title>&rules.cat.composition;</title>
      <orderedlist>
        <listitem>
<programlisting>
    COMPILE(e_1&cfg.syn.alt.op;e_2&cfg.syn.alt.op; ... &cfg.syn.alt.op;e_n) &math.defined_as;
      {
        <token>if</token>      (next_token in <xref linkend="def:dirsymb"/>(e_1) )
          COMPILE(e_1);
        <token>else if</token> (next_token in DIRSYMB(e_2) ) 
          COMPILE(e_2);
        ...
        <token>else</token>
          COMPILE(e_n);
        <token>endif</token>
      }
</programlisting>
        </listitem>
        <listitem>
<programlisting>
    COMPILE(e_1&cfg.syn.cat.op;e_2&cfg.syn.cat.op; ... &cfg.syn.cat.op;e_n) &math.defined_as; 
      {
        COMPILE(e_1);
        COMPILE(e_2);
        ...
        COMPILE(e_n);
      }
</programlisting>
        </listitem>
      </orderedlist>
    </section><!--&rules.cat.composition;-->
    </section><!-- CFG expression -->
    <section id="compile:prod"><title>&rules.cat.production;</title>
<programlisting>
COMPILE(&cfg.syn.prod_j;) &math.defined_as; 
  void A_j(void)
  {
    COMPILE(e_j);
  }
</programlisting>

    <para><emphasis>void A_j(void)</emphasis> is called the
    <emphasis>parsing routine for nonterminal A_j</emphasis>. 
    </para>

    </section><!--CFG Production-->
  </section><!-- COMPILE equations -->
  </section><!-- Translation to LL1 Code -->
  
  <section><title>Rationale for <xref linkend="attr.names"/>
  notational differences from other references</title>  

  <orderedlist>
    <listitem>
      Differences from <xref linkend="cit:lewi79"/> Rationale:
      <para><emphasis>Differences:</emphasis>
           
        <orderedlist>
          <listitem id="diff.lewi.null">NULLABLE vs.EMPTY attribute name:
            <para>NULLABLE is used instead of EMPTY as the name of the
            boolean attribute describing whether the empty string can
            be derived from a <xref linkend="cfg:tuple:VN"/>
            </para>
          </listitem>
          <listitem>Refactored rules:
            <para>This difference consists of the following
            &quot;sub-&quot;differences: 
            </para>
            <orderedlist>
            <listitem id='diff.lewi.sufx'><xref linkend="attr.names"/> function names:
          
              <para> Instead of an <xref linkend="attrs:funpair"/> for
              each ATTR in <xref linkend="attr.names"/>, only one
              function, named ATTR, is defined in <xref
              linkend='cit:lewi79'/> for each ATTR in <xref
              linkend="attr.names"/>.  </para>
              
            </listitem>
            
            <listitem id="diff.lewi.split">split <xref linkend="cfg:tuple:VN"/> &rules.cat.axiom;:
              <para>On p.167 of <xref linkend="cit:lewi79"/>, in the
              "&rules.cat.axiom;", there's:
  <programlisting>
    EMPTY(A_j) = EMPTY(e_j), where A_j &set.member_of.op; <xref linkend="cfg:tuple:VN"/>.
  </programlisting>
              This single rule, after the changes in <xref
              linkend="diff.lewi.null"/>, was split into 2 rules:
              
              <orderedlist>
                <listitem>in &rules.cat.axiom; category:
  <programlisting>
    NULLABLE&rhs.sufx;(A_j) = NULLABLE&lhs.sufx;(A_j), 
      where A_j &set.member_of.op; <xref linkend="cfg:tuple:VN"/>.
  </programlisting>
                </listitem>
                <listitem>in <emphasis>new</emphasis> &rules.cat.production;  category:
  <programlisting>
    NULLABLE&lhs.sufx;(A_j) = NULLABLE&rhs.sufx;(e_j), 
      where <emphasis>&cfg.syn.prod_j;</emphasis> &set.member_of.op; <xref linkend="cfg:tuple:prod_set"/>
  </programlisting>
                </listitem>
              </orderedlist>
              </para>
              
              <para>A similar split was done for the other
              attributes(For FOLLOW, this was done as the change
              mentioned elsewhere [<xref linkend='diff.lewi.follow'/>] was being done).
              </para>
            </listitem>
            <listitem id='diff.lewi.follow'>FOLLOW rules divided into rule categories:
            
            <para>On p.169 of <xref linkend="cit:lewi79"/>, the FOLLOW
            ruies are not divided into rule
            categories, "&rules.cat.axiom;" and
            "&rules.cat.composition;", like the other 2 attributes,
            EMPTY[page 167] and FIRST[page 166].
            In contrast, the current document does divide the FOLLOW
            rules into these rule categories as well as the new
            category, "&rules.cat.production;", mentioned previously[<xref linkend="diff.lewi.split"/>].
            
            </para>
            
            </listitem>
            </orderedlist>
            
          </listitem>
        </orderedlist>
     
      </para><!--Differences:-->
      
      <para><emphasis>Rationale:</emphasis>
        <orderedlist>
          <listitem>
          <para>NULLABLE is the more widely accepted name for this attribute.
          </para>
          </listitem>
          
          <listitem><!--Refactored Rules-->
          
          <para>
          The changes, <xref linkend='diff.lewi.sufx'/> and <xref
          linkend='diff.lewi.split'/>, were made to allow the change,
          <xref linkend='diff.lewi.follow'/>.  The reason for the
          <xref linkend='diff.lewi.follow'/> change was to make the
          rules for FOLLOW as close as possible to the rules for the
          other attributes and thereby highlight their <phrase
          id='refact:diff:rationale:sim_dif'>differences and
          similarities</phrase>.  The reason for this highlighting was
          to ease the design of maybe a hierarchy of OO classes to
          implement the calculation of the attributes.  The
          similarities would, of course, be implemented in the classes
          higher in the heirarchy, and the differences would be
          implemented in specialized subclasses.
          </para>
          
          <para>
          For example, there are essentially 2 types of attributes:
          <orderedlist>
            <listitem>synthesized attributes:
              <para>These are calculated "bottom-up", i.e. from the
              leaves (those corresponding to <xref linkend='gram:axiom'/>) to the root
              (those corresponding to <xref linkend='cfg:syn:prod'/>).
              </para>
              
              <para>NULLABLE and FIRST are synthesized attributes.
              </para>
              
            </listitem>
            <listitem>inherited attributes:
              <para>These are calculated "top-down", i.e. from the
              root to the leaves.
              </para>
              
              <para>FOLLOW is an inherited attribute.
              </para>
              
            </listitem>
          </orderedlist>
          The following table, where SYN represents a synthesized attribute
          and INH represents an inherited attribute, shows a
          side-by-side comparison of the <xref
          linkend='cfg:tuple:VN'/> rules:
          </para>
          
<table frame='all'><title>SYN vs. INH equations</title>
<tgroup cols='2' align='left' colsep='1' rowsep='1'>
<colspec colname='c1'/>
<colspec colname='c2'/>
<thead>
<row>
  <entry>&rules.cat.axiom;</entry>
  <entry>&rules.cat.production;</entry>
</row>
</thead>
<tbody>

<row>
<entry>
<programlisting>                
SYN&rhs.sufx;(A_j) &math.defined_as; SYN&lhs.sufx;(A_j)
  , where A_j &set.member_of.op; <xref linkend="cfg:tuple:VN"/>.
</programlisting>                
</entry>
<entry>
<programlisting>                
SYN&lhs.sufx;(A_j) &math.defined_as; SYN&rhs.sufx;(e_j)
  , where <emphasis>&cfg.syn.prod_j;</emphasis> &set.member_of.op; <xref linkend="cfg:tuple:prod_set"/>.
</programlisting>                
</entry>
</row>

<row>
<entry>
<programlisting>                
INH&lhs.sufx;(A_j) &math.defined_as; &set.union.op; &math.fold.ref;(INH&rhs.sufx; &math.to_each.ref; <xref linkend='def:occur_vn'/>(A_j))
  , where A_j &set.member_of.op; <xref linkend="cfg:tuple:VN"/>.
</programlisting>                
</entry>
<entry>
<programlisting>                
INH&rhs.sufx;(e_j) &math.defined_as; INH&lhs.sufx;(A_j)
  , where <emphasis>&cfg.syn.prod_j;</emphasis> &set.member_of.op; <xref linkend="cfg:tuple:prod_set"/>.
</programlisting>                
</entry>
</row>

</tbody>
</tgroup>
</table>

        <para id='info_flow_cycle'>The above table highlights the
        similarities and differences between the various <xref
        linkend='attr.names'/> and also helps in discerning the
        following "information flow cycle":
        </para>
        
        <orderedlist><title>information flow cycle:</title>
        
        <listitem>SYN:
        <para>The top-left of the table shows information flows from
        the top left-hand-side(<code>SYN&lhs.sufx;(A_j)</code>) of the grammar
        tree to the bottom right-hand-side(<code>SYN&rhs.sufx;(A_j)</code>)
        of the grammar tree.
        </para>
        <para>The top-right of the table shows information flows from
        the top right-hand-side(<code>SYN&rhs.sufx;(e_j)</code>) of the grammar
        tree to the top left-hand-side(<code>SYN&lhs.sufx;(A_j)</code>)
        of the grammar tree.
        </para>
        <para>Pictorially, the information flow cycle (after supplying the
        <emphasis>Composition</emphasis> flow arrow) is:
<figure><title>SYNthesized attribute information flow cycle:</title>
<graphic fileref='syn_flow.png'/>
</figure>  
        </para>
        </listitem>
        
        <listitem>INH:
        <para>The bottom-left of the table shows information flows from
        the top left-hand-side(<code>SYN&lhs.sufx;(A_j)</code>) of the grammar
        tree to the top right-hand-side(<code>SYN&rhs.sufx;(e_j)</code>)
        of the grammar tree.
        </para>
        <para>The bottom-right of the table shows information flows from
        the bottom right-hand-side(<code>SYN&rhs.sufx;(A_j)</code>) of the grammar
        tree to the top left-hand-side(<code>SYN&lhs.sufx;(A_j)</code>)
        of the grammar tree.
        </para>
        <para>Pictorially, the information flow cycle (after supplying the
        <emphasis>Composition</emphasis> flow arror) is:
<figure><title>INHerited attribute information flow cycle:</title>
<graphic fileref='inh_flow.png'/>
</figure>
        </para>
        </listitem>
        
        </orderedlist>
      </listitem><!--Refactored Rules-->
      </orderedlist>
      </para>
    </listitem><!--diff/rationale lewi79-->
    
    <listitem>
      Differences from <xref linkend="cit:Aho86"/> Rationale:
      
      <para><emphasis>Differences:</emphasis>
        <orderedlist>
          <listitem id='no_Aho_NULLABLE'>No NULLABLE appears in <xref linkend="cit:Aho86"/>
            FIRST and FOLLOW.
            <para>In the section titled, <emphasis>FIRST and
            FOLLOW</emphasis>, on pp. 188-189 of 
            <xref linkend="cit:Aho86"/>, there's no mention of NULLABLE.
            However, the same effect is achieved by:
            <orderedlist> 
              <listitem> adding &cfg.syn.one.op; to any FIRST(A_j) for which 
            A_j &set.member_of.op; <xref linkend="cfg:tuple:VN"/>  
            can derive the empty string.
              </listitem>
              <listitem>Designing the rules for calculating FIRST and
            FOLLOW to use the above change to achieve the desired effect.
              </listitem>
            </orderedlist>
            </para>
          </listitem>
          
          <listitem><xref linkend="attr.names"/> function names:
            <para>This is the same difference <link
            linkend='diff.lewi.sufx'>mentioned previously</link>. 
            </para>
            
            <para>In addition, there is nothing in 
            <xref linkend="cit:Aho86"/> corresonding to
            FOLLOW&rhs.sufx;. However, the FOLLOW&lhs.sufx;
            here corresponds to FOLLOW in 
            <xref linkend="cit:Aho86"/>. Instead of using
            FOLLOW&rhs.sufx;, <xref linkend="cit:Aho86"/>,
            on page 189, uses rules starting with:
            
            <orderedlist>
              <listitem>Place <xref linkend="FOLLOW:eoi"/> in
              FOLLOW(S), where S is the start symbol ...
              </listitem>
              
              <listitem>If there is a production 
              <code>A &cfg.syn.produces.op; &agr;B&bgr;</code>, then ...
              </listitem>
              
              <listitem>If there is a production 
              <code>A &cfg.syn.produces.op; &agr;B</code>, or ...
              </listitem>
              
            </orderedlist>
            
            which corresponds to the following rules in this document: 
            
            <orderedlist>
              <listitem><xref linkend='rules:FOLLOW:axiom'/>.
              </listitem>
              
              <listitem><xref linkend='rules:FOLLOW:concat:non-last'/>.
              </listitem>
              
              <listitem>This corresponds to the composition of:
                <orderedlist>
                  <listitem><xref linkend='rules:FOLLOW:prod'/>
                  </listitem>
                  <listitem><xref linkend='rules:FOLLOW:concat:last'/>
                  </listitem>
                </orderedlist>
              </listitem>
              
            </orderedlist>
            
            </para>
          </listitem>
          
          <listitem><xref linkend="cit:Aho86"/> has no
            "nested &cfg.syn.alt.op; expressions" within right-hand-side of a
            production.
          <para>A "nested &cfg.syn.alt.op; expression" is simply a
            <link linkend='cfg:expr:alt'>&cfg.syn.alt.op;
            expression</link> nested within another expression.
            For example, the expression:
<programlisting>
a_0 &cfg.syn.cat.op; ( a_1 &cfg.syn.alt.op; a_2 ) &cfg.syn.cat.op; a_3
</programlisting>
            contains the nested &cfg.syn.alt.op; expression:
<programlisting>
a_1 &cfg.syn.alt.op; a_2
</programlisting>
          </para> 
          <para>From pp. 26-27 of <xref linkend="cit:Aho86"/>:
          
            <blockquote>
            
            A <emphasis>context-free grammar</emphasis> has four
            components: ...  A set of productions where each
            production consists of...a sequence of tokens and/or
            nonterminals, called the <emphasis>right side</emphasis>
            of the production.
            
            </blockquote>

          </para>            
          <para>Thus the following:
<programlisting>
A_1 &cfg.syn.produces.op; a_0 &cfg.syn.cat.op; ( a_1 &cfg.syn.alt.op; a_2 ) &cfg.syn.cat.op; a_3
</programlisting>
          cannot be a <xref linkend="cit:Aho86"/>: production because:
<programlisting>
( a_1 &cfg.syn.alt.op; a_2 )
</programlisting>
          is not a "sequence of tokens and/or nonterminals" because it
          includes the &cfg.syn.alt.op; operator as well as the
          grouping operators (i.e. the left and right parenthesis).
          </para>
          </listitem>
          
        </orderedlist>
      </para><!--Differences-->
      
      <para><emphasis>Rationale:</emphasis>
        <orderedlist>
          <listitem>
            <orderedlist>
              <listitem><xref linkend='def:dirsymb'/> is defined in terms
        of FIRST&rhs.sufx;. If FIRST&rhs.sufx; included
        &cfg.syn.one.op;, then it would just have to be deleted from any
        expression involving FIRST&rhs.sufx; in DIRSYMB's definition.
              </listitem>
              <listitem>Separating the FIRST calculation into NULLABLE
        and other attribute functions simplifies each's definition.
              </listitem>
            </orderedlist>
          </listitem>
          
          <listitem>The justifation for splitting the function names
          is essentially that same as that mentioned <link
          linkend='refact:diff:rationale:sim_dif'>previously</link>.
          </listitem>
          
          <listitem>Nested &cfg.syn.alt.op; expressions allow a more
          natural expression of the right-hand-side of a production.
          Without them, there would have to be an extra non-terminal
          and corresonding production for each nested &cfg.syn.alt.op;
          expression or some other unnatural work-around.  </listitem>
          
        </orderedlist>
      </para><!--Rationale-->
      
    </listitem><!--diff/rationale aho86-->
    
  </orderedlist><!--diff/rationale list-->  
  
  </section>
  
  <section><title>Acknowledgements</title>
  <para>2008-06-25: Thanks to Max Hailperin for suggesting:
    <orderedlist>
    
    <listitem>The need to emphasize that for each A_j in VN, there is
    only one production in P where A_j is the lhs.
    </listitem>
    
    <listitem>Using two different function names for the FOLLOW(A_j) on
    on the right-hand-side of a production and the FOLLOW(A_j) on
    the left-hand-side of a production.  This would make
    FOLLOW&lhs.sufx; corresond to the FOLLOW in <xref
    linkend="cit:Aho86"/>. 
    
    <para>Although not suggested by Max, this splitting of function
    name into two names was <link linkend='attrs:funpair'>extended to
    the other attributes</link> to make the rules more uniform.
    </para>
    </listitem>
    
    <listitem>FOLLOW&lhs.sufx;(A_0) should include
    <xref linkend="FOLLOW:eoi"/>.
    </listitem>
    
    <listitem>
    Showing the differences with the references
    might make it easier for those familiar with those references
    (in particular, <xref linkend="cit:Aho86"/>)
    to understand this document.
    </listitem>
    
    </orderedlist>
  </para>
  </section>

  <section><title>Bibiliography</title>
  <bibliography><title>------------</title>
  
  <biblioentry id="cit:Aho86">
    <abbrev>Aho86</abbrev>
    <authorgroup>
    <author>
      <firstname>Alfred V.</firstname>
      <surname>Lewi</surname>
    </author>
    <author>
      <firstname>Ravi</firstname>
      <surname>Sethi</surname>
    </author>
    <author>
      <firstname>Jeffrey D.</firstname>
      <surname>Ullman</surname>
    </author>
    </authorgroup>
    <title>Compilers Principles, Techniques, and Tools</title>
    <publishername>Addison-Wesley</publishername>
    <pubdate>1986</pubdate>
  </biblioentry>
  
  <biblioentry id="cit:lewi79">
    <abbrev>Lewi79</abbrev>
    <authorgroup>
    <author>
      <firstname>J.</firstname>
      <surname>Lewi</surname>
    </author>
    <author>
      <firstname>K.</firstname>
      <surname>De Vlaminck</surname>
    </author>
    <author>
      <firstname>J.</firstname>
      <surname>Huens</surname>
    </author>
    <author>
      <firstname>M.</firstname>
      <surname>Huybrechts</surname>
    </author>
    </authorgroup>
    <title>A Programming Methodology in Compiler Construction-Part 1:Concepts</title>
    <publishername>North-Holland</publishername>
    <pubdate>1979</pubdate>
  </biblioentry>
  
  </bibliography>
  </section><!-- Bibliography -->
  
</article>
